{
    "comment-priorities": {
        "0": 20.41929723495497,
        "1": 23.030859496032917,
        "2": 20.162346679249122
    },
    "user-vote-counts": {
        "1": 2,
        "2": 2,
        "3": 2,
        "4": 3,
        "5": 3,
        "6": 3,
        "7": 3
    },
    "meta-tids": [],
    "pca": {
        "center": [
            -0.42857142857142855,
            -0.14285714285714285,
            0
        ],
        "comps": [
            [
                0.48188988529850074,
                0.7121388550209258,
                0.5105295188492853
            ],
            [
                0.7609856941424021,
                -0.6289692794065441,
                0.15905476689939022
            ]
        ],
        "comment-projection": [
            [
                -0.47694729428030963,
                -1.0572520105201457,
                -0.8842630654106549
            ],
            [
                -0.7531805063358343,
                0.9337772128561025,
                -0.27549093745576836
            ]
        ],
        "comment-extremity": [
            0.8914929033063651,
            1.4105749526339255,
            0.9261837968080128
        ]
    },
    "group-clusters": [
        {
            "id": 0,
            "members": [
                0
            ],
            "center": [
                0.0955415990735508,
                1.9917278080469893
            ]
        },
        {
            "id": 1,
            "members": [
                1,
                2,
                3,
                4
            ],
            "center": [
                0.027340688593430904,
                -0.3574670378690956
            ]
        }
    ],
    "n": 7,
    "consensus": {
        "agree": [
            {
                "tid": 0,
                "n-success": 5,
                "n-trials": 7,
                "p-success": 0.6666666666666667,
                "p-test": 1.4142135623730951
            }
        ],
        "disagree": []
    },
    "n-cmts": 3,
    "repness": {
        "0": [
            {
                "tid": 1,
                "n-agree": 1,
                "p-test": 1.4142135623730951,
                "repness-test": 1.1338934,
                "n-success": 1,
                "repful-for": "agree",
                "n-trials": 1,
                "repness": 1.333333333333333,
                "best-agree": true,
                "p-success": 0.6666666666666667
            },
            {
                "tid": 0,
                "n-success": 1,
                "n-trials": 1,
                "p-success": 0.6666666666666667,
                "p-test": 1.4142135623730951,
                "repness": 2.666666666666667,
                "repness-test": 1.7928429,
                "repful-for": "disagree"
            }
        ],
        "1": [
            {
                "tid": 0,
                "n-agree": 5,
                "p-test": 1.8898223650461359,
                "repness-test": 1.0714285,
                "n-success": 5,
                "repful-for": "agree",
                "n-trials": 6,
                "repness": 2.25,
                "best-agree": true,
                "p-success": 0.75
            }
        ]
    },
    "group-aware-consensus": {
        "0": 0.25,
        "1": 0.3333333333333333,
        "2": 0.25
    },
    "mod-in": [
        0,
        1,
        3,
        2
    ],
    "votes-base": {
        "0": {
            "A": [
                0,
                2,
                2,
                0,
                1
            ],
            "D": [
                1,
                0,
                0,
                1,
                0
            ],
            "S": [
                1,
                2,
                2,
                1,
                1
            ]
        },
        "1": {
            "A": [
                1,
                0,
                2,
                0,
                1
            ],
            "D": [
                0,
                2,
                0,
                1,
                0
            ],
            "S": [
                1,
                2,
                2,
                1,
                1
            ]
        },
        "2": {
            "A": [
                0,
                0,
                2,
                0,
                0
            ],
            "D": [
                0,
                0,
                0,
                1,
                1
            ],
            "S": [
                0,
                0,
                2,
                1,
                1
            ]
        }
    },
    "base-clusters": {
        "id": [
            0,
            1,
            2,
            3,
            4
        ],
        "members": [
            [
                1
            ],
            [
                2,
                3
            ],
            [
                4,
                6
            ],
            [
                5
            ],
            [
                7
            ]
        ],
        "x": [
            0.0955415990735508,
            0.6595340886950254,
            -1.396299900466365,
            2.0128166178710587,
            -0.37524086276779434
        ],
        "y": [
            1.9917278080469893,
            -1.4129526425916181,
            -0.054787209775153584,
            0.527355153495343,
            0.2633223240236269
        ],
        "count": [
            1,
            2,
            2,
            1,
            1
        ]
    },
    "mod-out": [],
    "group-votes": {
        "0": {
            "n-members": 1,
            "votes": {
                "0": {
                    "A": 0,
                    "D": 1,
                    "S": 1
                },
                "1": {
                    "A": 1,
                    "D": 0,
                    "S": 1
                },
                "2": {
                    "A": 0,
                    "D": 0,
                    "S": 0
                }
            },
            "id": 0
        },
        "1": {
            "n-members": 6,
            "votes": {
                "0": {
                    "A": 5,
                    "D": 1,
                    "S": 6
                },
                "1": {
                    "A": 3,
                    "D": 3,
                    "S": 6
                },
                "2": {
                    "A": 2,
                    "D": 2,
                    "S": 4
                }
            },
            "id": 1
        }
    },
    "lastModTimestamp": 1621590084617,
    "in-conv": [
        7,
        1,
        4,
        6,
        3,
        2,
        5
    ],
    "tids": [
        0,
        1,
        2
    ],
    "lastVoteTimestamp": 1621456334854,
    "math_tick": 86
}