{
    "comment-priorities": {
        "0": 19.116767356924047,
        "1": 5.513618726259434,
        "2": 2.229417435667747,
        "3": 1.4268271588273578,
        "4": 4.369658173908784,
        "5": 7.76828119806006,
        "6": 5.2559229077209,
        "7": 0.8025902768403887,
        "8": 3.3735943356934612,
        "10": 70.51242485316094,
        "11": 12.529726250088048,
        "12": 12.529726250088048,
        "13": 15.783634653324425,
        "14": 15.783634653324425
    },
    "user-vote-counts": {
        "1": 2,
        "2": 2,
        "3": 9,
        "4": 9,
        "5": 9,
        "6": 9,
        "7": 1,
        "8": 9,
        "9": 9,
        "10": 10,
        "11": 1,
        "12": 5,
        "13": 5
    },
    "meta-tids": [],
    "pca": {
        "center": [
            -0.6363636363636365,
            -0.9090909090909091,
            0,
            0,
            0,
            0,
            0,
            0,
            0,
            -0.5,
            0,
            0,
            -1,
            -1
        ],
        "comps": [
            [
                0.863575066918422,
                0.18553054930554733,
                0,
                0,
                0,
                0,
                0,
                0,
                0,
                0.46884594385706796,
                0,
                0,
                0,
                0
            ],
            [
                0.3056407350424185,
                0.5469274031727251,
                0,
                0,
                0,
                0,
                0,
                0,
                0,
                -0.7793934543871083,
                0,
                0,
                0,
                0
            ]
        ],
        "comment-projection": [
            [
                -1.1749825556978595,
                -0.0631083409346662,
                0,
                0,
                0,
                0,
                0,
                0,
                0,
                -0.8771304445458995,
                0,
                0,
                0,
                0
            ],
            [
                -0.4158556050801753,
                -0.18603772346457428,
                0,
                0,
                0,
                0,
                0,
                0,
                0,
                1.4581116379053913,
                0,
                0,
                0,
                0
            ]
        ],
        "comment-extremity": [
            1.2464027801922106,
            0.19645024114876386,
            0,
            0,
            0,
            0,
            0,
            0,
            0,
            1.7016014120070628,
            0,
            0,
            0,
            0
        ]
    },
    "group-clusters": [
        {
            "id": 0,
            "members": [
                3,
                7
            ],
            "center": [
                2.026121462626634,
                0.1744521279641354
            ]
        },
        {
            "id": 1,
            "members": [
                4,
                6,
                9,
                10
            ],
            "center": [
                -0.3619123523824993,
                -0.034911738870771716
            ]
        }
    ],
    "n": 13,
    "consensus": {
        "agree": [
            {
                "tid": 1,
                "n-success": 10,
                "n-trials": 11,
                "p-success": 0.8461538461538461,
                "p-test": 2.886751345948129
            },
            {
                "tid": 0,
                "n-success": 9,
                "n-trials": 11,
                "p-success": 0.7692307692307692,
                "p-test": 2.3094010767585025
            },
            {
                "tid": 13,
                "n-success": 2,
                "n-trials": 2,
                "p-success": 0.75,
                "p-test": 1.7320508075688772
            },
            {
                "tid": 14,
                "n-success": 2,
                "n-trials": 2,
                "p-success": 0.75,
                "p-test": 1.7320508075688772
            },
            {
                "tid": 10,
                "n-success": 3,
                "n-trials": 4,
                "p-success": 0.6666666666666667,
                "p-test": 1.341640786499874
            }
        ],
        "disagree": []
    },
    "n-cmts": 14,
    "repness": {
        "0": [
            {
                "tid": 0,
                "n-success": 2,
                "n-trials": 2,
                "p-success": 0.75,
                "p-test": 1.7320508075688772,
                "repness": 8.25,
                "repness-test": 2.9622626,
                "repful-for": "disagree"
            },
            {
                "tid": 10,
                "n-success": 1,
                "n-trials": 1,
                "p-success": 0.6666666666666667,
                "p-test": 1.4142135623730951,
                "repness": 3.333333333333333,
                "repness-test": 1.7320508,
                "repful-for": "disagree"
            }
        ],
        "1": [
            {
                "tid": 0,
                "n-agree": 9,
                "p-test": 3.1622776601683795,
                "repness-test": 2.806918,
                "n-success": 9,
                "repful-for": "agree",
                "n-trials": 9,
                "repness": 3.636363636363636,
                "best-agree": true,
                "p-success": 0.9090909090909091
            },
            {
                "tid": 1,
                "n-success": 9,
                "n-trials": 9,
                "p-success": 0.9090909090909091,
                "p-test": 3.1622776601683795,
                "repness": 1.818181818181818,
                "repness-test": 1.9002924,
                "repful-for": "agree"
            },
            {
                "tid": 10,
                "n-success": 3,
                "n-trials": 3,
                "p-success": 0.8,
                "p-test": 2,
                "repness": 2.4,
                "repness-test": 1.5491934,
                "repful-for": "agree"
            }
        ]
    },
    "group-aware-consensus": {
        "0": 0.2272727272727273,
        "1": 0.4545454545454546,
        "2": 0.17857142857142855,
        "3": 0.14285714285714285,
        "4": 0.42857142857142855,
        "5": 0.5357142857142856,
        "6": 0.375,
        "7": 0.10714285714285714,
        "8": 0.16666666666666666,
        "10": 0.26666666666666666,
        "11": 0.3333333333333333,
        "12": 0.3333333333333333,
        "13": 0.375,
        "14": 0.375
    },
    "mod-in": [
        0,
        1,
        13,
        14,
        10
    ],
    "votes-base": {
        "0": {
            "A": [
                0,
                6,
                1,
                0,
                0,
                2
            ],
            "D": [
                1,
                0,
                0,
                1,
                0,
                0
            ],
            "S": [
                1,
                6,
                1,
                1,
                0,
                2
            ]
        },
        "1": {
            "A": [
                0,
                6,
                1,
                1,
                0,
                2
            ],
            "D": [
                0,
                0,
                0,
                0,
                0,
                0
            ],
            "S": [
                1,
                6,
                1,
                1,
                0,
                2
            ]
        },
        "2": {
            "A": [
                0,
                3,
                1,
                0,
                0,
                0
            ],